team,season,wins,games,point_diff
ARI,2013,10,16,55.0
ARI,2014,11,17,0.0
ARI,2015,14,18,148.0
ARI,2016,7,16,56.0
ARI,2017,8,16,-66.0
ARI,2018,3,16,-200.0
ARI,2019,5,16,-81.0
ARI,2020,8,16,43.0
ARI,2021,11,18,60.0
ARI,2022,4,17,-109.0
ARI,2023,4,17,-125.0
ARI,2024,8,17,21.0
ATL,2013,4,16,-90.0
ATL,2014,6,16,-36.0
ATL,2015,8,16,-6.0
ATL,2016,13,19,167.0
ATL,2017,11,18,46.0
ATL,2018,7,16,-9.0
ATL,2019,7,16,-18.0
ATL,2020,4,16,-18.0
ATL,2021,7,17,-146.0
ATL,2022,7,17,-21.0
ATL,2023,7,17,-52.0
ATL,2024,8,17,-34.0
BAL,2013,8,16,-32.0
BAL,2014,11,18,116.0
BAL,2015,5,16,-73.0
BAL,2016,8,16,22.0
BAL,2017,9,16,92.0
BAL,2018,10,17,96.0
BAL,2019,14,17,233.0
BAL,2020,12,18,158.0
BAL,2021,8,17,-5.0
BAL,2022,10,18,28.0
BAL,2023,14,19,220.0
BAL,2024,13,19,169.0
BUF,2013,6,16,-49.0
BUF,2014,9,16,54.0
BUF,2015,8,16,20.0
BUF,2016,7,16,21.0
BUF,2017,9,17,-64.0
BUF,2018,6,16,-105.0
BUF,2019,10,17,52.0
BUF,2020,15,19,129.0
BUF,2021,12,19,218.0
BUF,2022,14,18,155.0
BUF,2023,12,19,151.0
BUF,2024,15,20,180.0
CAR,2013,12,17,112.0
CAR,2014,8,18,-38.0
CAR,2015,17,19,219.0
CAR,2016,6,16,-33.0
CAR,2017,11,17,31.0
CAR,2018,7,16,-6.0
CAR,2019,5,16,-130.0
CAR,2020,5,16,-52.0
CAR,2021,5,17,-100.0
CAR,2022,7,17,-27.0
CAR,2023,2,17,-180.0
CAR,2024,5,17,-193.0
CHI,2013,8,16,-33.0
CHI,2014,5,16,-123.0
CHI,2015,6,16,-62.0
CHI,2016,3,16,-120.0
CHI,2017,5,16,-56.0
CHI,2018,12,17,137.0
CHI,2019,8,16,-18.0
CHI,2020,8,17,-10.0
CHI,2021,6,17,-96.0
CHI,2022,3,17,-137.0
CHI,2023,7,17,-19.0
CHI,2024,5,17,-60.0
CIN,2013,11,17,108.0
CIN,2014,10,17,5.0
CIN,2015,12,17,138.0
CIN,2016,6,16,10.0
CIN,2017,7,16,-59.0
CIN,2018,6,16,-87.0
CIN,2019,2,16,-141.0
CIN,2020,4,16,-113.0
CIN,2021,13,21,94.0
CIN,2022,14,19,117.0
CIN,2023,9,17,-18.0
CIN,2024,9,17,38.0
CLE,2013,4,16,-98.0
CLE,2014,7,16,-38.0
CLE,2015,3,16,-154.0
CLE,2016,1,16,-188.0
CLE,2017,0,16,-176.0
CLE,2018,7,16,-33.0
CLE,2019,6,16,-58.0
CLE,2020,12,18,-5.0
CLE,2021,8,17,-22.0
CLE,2022,7,17,-20.0
CLE,2023,11,18,3.0
CLE,2024,3,17,-177.0
DAL,2013,8,16,7.0
DAL,2014,13,18,114.0
DAL,2015,4,16,-99.0
DAL,2016,13,17,112.0
DAL,2017,9,16,22.0
DAL,2018,11,18,9.0
DAL,2019,8,16,113.0
DAL,2020,6,16,-78.0
DAL,2021,12,18,166.0
DAL,2022,13,19,135.0
DAL,2023,12,18,178.0
DAL,2024,7,17,-118.0
DEN,2013,15,19,189.0
DEN,2014,12,17,117.0
DEN,2015,15,19,82.0
DEN,2016,9,16,36.0
DEN,2017,5,16,-93.0
DEN,2018,6,16,-20.0
DEN,2019,7,16,-34.0
DEN,2020,5,16,-123.0
DEN,2021,7,17,13.0
DEN,2022,5,17,-72.0
DEN,2023,8,17,-56.0
DEN,2024,10,18,90.0
DET,2013,7,16,19.0
DET,2014,11,17,35.0
DET,2015,7,16,-42.0
DET,2016,9,17,-32.0
DET,2017,9,16,34.0
DET,2018,6,16,-36.0
DET,2019,3,16,-82.0
DET,2020,5,16,-142.0
DET,2021,3,17,-142.0
DET,2022,9,17,26.0
DET,2023,14,20,72.0
DET,2024,15,18,208.0
GB,2013,8,17,-14.0
GB,2014,13,18,137.0
GB,2015,11,18,56.0
GB,2016,12,19,49.0
GB,2017,7,16,-64.0
GB,2018,6,16,-24.0
GB,2019,14,18,51.0
GB,2020,14,18,149.0
GB,2021,13,18,76.0
GB,2022,8,17,-1.0
GB,2023,10,19,46.0
GB,2024,11,18,110.0
HOU,2013,2,16,-152.0
HOU,2014,9,16,65.0
HOU,2015,9,17,-4.0
HOU,2016,10,18,-54.0
HOU,2017,4,16,-98.0
HOU,2018,11,17,72.0
HOU,2019,11,18,-24.0
HOU,2020,4,16,-80.0
HOU,2021,4,17,-172.0
HOU,2022,3,17,-131.0
HOU,2023,11,19,31.0
HOU,2024,11,19,11.0
IND,2013,12,18,35.0
IND,2014,13,19,78.0
IND,2015,8,16,-75.0
IND,2016,8,16,19.0
IND,2017,4,16,-141.0
IND,2018,11,18,85.0
IND,2019,7,16,-12.0
IND,2020,11,17,86.0
IND,2021,9,17,86.0
IND,2022,4,17,-138.0
IND,2023,9,17,-19.0
IND,2024,8,17,-50.0
JAX,2013,4,16,-202.0
JAX,2014,3,16,-163.0
JAX,2015,5,16,-72.0
JAX,2016,3,16,-82.0
JAX,2017,12,19,155.0
JAX,2018,5,16,-71.0
JAX,2019,6,16,-97.0
JAX,2020,1,16,-186.0
JAX,2021,3,17,-204.0
JAX,2022,10,19,48.0
JAX,2023,9,17,6.0
JAX,2024,4,17,-115.0
KC,2013,11,17,124.0
KC,2014,9,16,72.0
KC,2015,12,18,141.0
KC,2016,12,17,76.0
KC,2017,10,17,75.0
KC,2018,13,18,156.0
KC,2019,15,19,185.0
KC,2020,16,19,108.0
KC,2021,14,20,140.0
KC,2022,17,20,140.0
KC,2023,15,21,109.0
KC,2024,17,20,53.0
LA,2016,4,16,-170.0
LA,2017,11,17,136.0
LA,2018,15,19,144.0
LA,2019,9,16,30.0
LA,2020,11,18,72.0
LA,2021,16,21,120.0
LA,2022,5,17,-77.0
LA,2023,10,18,26.0
LA,2024,11,19,-7.0
LAC,2017,9,16,83.0
LAC,2018,13,18,92.0
LAC,2019,5,16,-8.0
LAC,2020,7,16,-42.0
LAC,2021,9,17,15.0
LAC,2022,10,18,6.0
LAC,2023,5,17,-52.0
LAC,2024,11,18,81.0
LV,2020,8,16,-44.0
LV,2021,10,18,-72.0
LV,2022,6,17,-23.0
LV,2023,8,17,1.0
LV,2024,4,17,-125.0
MIA,2013,8,16,-18.0
MIA,2014,8,16,15.0
MIA,2015,6,16,-79.0
MIA,2016,10,17,-35.0
MIA,2017,6,16,-112.0
MIA,2018,7,16,-114.0
MIA,2019,5,16,-188.0
MIA,2020,10,16,66.0
MIA,2021,9,17,-32.0
MIA,2022,9,18,-5.0
MIA,2023,11,18,86.0
MIA,2024,8,17,-19.0
MIN,2013,5,16,-89.0
MIN,2014,7,16,-18.0
MIN,2015,11,17,62.0
MIN,2016,8,16,20.0
MIN,2017,14,18,104.0
MIN,2018,8,16,19.0
MIN,2019,11,18,93.0
MIN,2020,7,16,-45.0
MIN,2021,8,17,-1.0
MIN,2022,13,18,-10.0
MIN,2023,7,17,-18.0
MIN,2024,14,18,82.0
NE,2013,13,18,117.0
NE,2014,15,19,201.0
NE,2015,13,18,155.0
NE,2016,17,19,234.0
NE,2017,15,19,179.0
NE,2018,14,19,140.0
NE,2019,12,17,188.0
NE,2020,7,16,-27.0
NE,2021,10,18,129.0
NE,2022,8,17,17.0
NE,2023,4,17,-130.0
NE,2024,4,17,-128.0
NO,2013,12,18,104.0
NO,2014,7,16,-23.0
NO,2015,7,16,-68.0
NO,2016,7,16,15.0
NO,2017,12,18,122.0
NO,2018,14,18,154.0
NO,2019,13,17,111.0
NO,2020,13,18,147.0
NO,2021,9,17,29.0
NO,2022,7,17,-15.0
NO,2023,9,17,75.0
NO,2024,5,17,-60.0
NYG,2013,7,16,-89.0
NYG,2014,6,16,-20.0
NYG,2015,6,16,-22.0
NYG,2016,11,17,1.0
NYG,2017,3,16,-142.0
NYG,2018,5,16,-43.0
NYG,2019,4,16,-110.0
NYG,2020,6,16,-77.0
NYG,2021,4,17,-158.0
NYG,2022,10,19,-30.0
NYG,2023,6,17,-141.0
NYG,2024,3,17,-142.0
NYJ,2013,8,16,-97.0
NYJ,2014,4,16,-118.0
NYJ,2015,10,16,73.0
NYJ,2016,5,16,-134.0
NYJ,2017,5,16,-84.0
NYJ,2018,4,16,-108.0
NYJ,2019,7,16,-83.0
NYJ,2020,2,16,-214.0
NYJ,2021,4,17,-194.0
NYJ,2022,7,17,-20.0
NYJ,2023,7,17,-87.0
NYJ,2024,5,17,-66.0
OAK,2013,4,16,-131.0
OAK,2014,3,16,-199.0
OAK,2015,7,16,-40.0
OAK,2016,12,17,18.0
OAK,2017,6,16,-72.0
OAK,2018,4,16,-177.0
OAK,2019,7,16,-106.0
PHI,2013,10,17,58.0
PHI,2014,10,16,74.0
PHI,2015,7,16,-53.0
PHI,2016,7,16,36.0
PHI,2017,16,19,206.0
PHI,2018,10,18,14.0
PHI,2019,9,17,23.0
PHI,2020,4,16,-84.0
PHI,2021,9,18,43.0
PHI,2022,16,20,185.0
PHI,2023,11,18,-18.0
PHI,2024,18,21,228.0
PIT,2013,8,16,9.0
PIT,2014,11,17,55.0
PIT,2015,11,18,99.0
PIT,2016,13,19,73.0
PIT,2017,13,17,95.0
PIT,2018,9,16,68.0
PIT,2019,8,16,-14.0
PIT,2020,12,17,93.0
PIT,2021,9,18,-76.0
PIT,2022,9,17,-38.0
PIT,2023,10,18,-34.0
PIT,2024,10,18,19.0
SD,2013,10,18,58.0
SD,2014,9,16,0.0
SD,2015,4,16,-78.0
SD,2016,5,16,-13.0
SEA,2013,16,19,235.0
SEA,2014,14,19,156.0
SEA,2015,11,18,140.0
SEA,2016,11,18,66.0
SEA,2017,9,16,34.0
SEA,2018,10,17,79.0
SEA,2019,12,18,10.0
SEA,2020,12,17,78.0
SEA,2021,7,17,29.0
SEA,2022,9,18,-12.0
SEA,2023,9,17,-38.0
SEA,2024,10,17,7.0
SF,2013,14,19,144.0
SF,2014,8,16,-34.0
SF,2015,5,16,-149.0
SF,2016,2,16,-171.0
SF,2017,6,16,-52.0
SF,2018,4,16,-93.0
SF,2019,15,19,192.0
SF,2020,6,16,-14.0
SF,2021,12,20,68.0
SF,2022,15,20,174.0
SF,2023,14,20,196.0
SF,2024,6,17,-47.0
STL,2013,7,16,-16.0
STL,2014,6,16,-30.0
STL,2015,7,16,-50.0
TB,2013,4,16,-101.0
TB,2014,2,16,-133.0
TB,2015,6,16,-75.0
TB,2016,9,16,-15.0
TB,2017,5,16,-47.0
TB,2018,5,16,-68.0
TB,2019,7,16,9.0
TB,2020,15,20,182.0
TB,2021,14,19,171.0
TB,2022,8,18,-62.0
TB,2023,10,19,38.0
TB,2024,10,18,114.0
TEN,2013,7,16,-19.0
TEN,2014,2,16,-184.0
TEN,2015,3,16,-124.0
TEN,2016,9,16,3.0
TEN,2017,10,18,-42.0
TEN,2018,9,16,7.0
TEN,2019,11,19,83.0
TEN,2020,11,17,45.0
TEN,2021,12,18,62.0
TEN,2022,7,17,-61.0
TEN,2023,6,17,-62.0
TEN,2024,3,17,-149.0
WAS,2013,3,16,-144.0
WAS,2014,4,16,-137.0
WAS,2015,9,17,-8.0
WAS,2016,8,16,13.0
WAS,2017,7,16,-46.0
WAS,2018,7,16,-78.0
WAS,2019,3,16,-169.0
WAS,2020,7,17,-2.0
WAS,2021,7,17,-99.0
WAS,2022,8,17,-22.0
WAS,2023,4,17,-189.0
WAS,2024,14,20,79.0
